,MD,Well
0,5423.69,unknown
1,5438.5035,unknown
2,5453.317,unknown
3,5468.130499999999,unknown
4,5482.9439999999995,unknown
5,5497.7575,unknown
6,5512.571,unknown
7,5527.3845,unknown
8,5542.197999999999,unknown
9,5557.0115,unknown
10,5571.825,unknown
11,5586.6385,unknown
12,5601.452,unknown
13,5616.2654999999995,unknown
14,5631.079,unknown
15,5645.8925,unknown
16,5660.706,unknown
17,5675.5195,unknown
18,5690.333,unknown
19,5705.1465,unknown
20,5719.96,unknown
21,5734.559375,unknown
22,5749.1587500000005,unknown
23,5763.758125,unknown
24,5778.3575,unknown
25,5792.956875,unknown
26,5807.55625,unknown
27,5822.155625,unknown
28,5836.755,unknown
29,5851.354375,unknown
30,5865.953750000001,unknown
31,5880.553125,unknown
32,5895.1525,unknown
33,5909.751875,unknown
34,5924.35125,unknown
35,5938.950625,unknown
36,5953.55,unknown
37,5968.231818181818,unknown
38,5982.913636363636,unknown
39,5997.595454545455,unknown
40,6012.277272727273,unknown
41,6026.959090909091,unknown
42,6041.640909090909,unknown
43,6056.322727272727,unknown
44,6071.004545454545,unknown
45,6085.686363636364,unknown
46,6100.368181818182,unknown
47,6115.05,unknown
48,6129.731818181818,unknown
49,6144.413636363636,unknown
50,6159.095454545455,unknown
51,6173.777272727273,unknown
52,6188.459090909091,unknown
53,6203.140909090909,unknown
54,6217.822727272727,unknown
55,6232.504545454545,unknown
56,6247.186363636364,unknown
57,6261.868181818182,unknown
58,6276.55,unknown
59,6290.610000000001,unknown
60,6304.67,unknown
61,6318.73,unknown
62,6332.79,unknown
63,6346.85,unknown
64,6360.91,unknown
65,6375.877222222222,unknown
66,6390.844444444444,unknown
67,6405.8116666666665,unknown
68,6420.778888888889,unknown
69,6435.746111111111,unknown
70,6450.713333333333,unknown
71,6465.680555555556,unknown
72,6480.647777777777,unknown
73,6495.615,unknown
74,6510.582222222222,unknown
75,6525.549444444444,unknown
76,6540.516666666666,unknown
77,6555.483888888889,unknown
78,6570.451111111111,unknown
79,6585.418333333333,unknown
80,6600.385555555556,unknown
81,6615.352777777777,unknown
82,6630.32,unknown
83,6644.943749999999,unknown
84,6659.5675,unknown
85,6674.19125,unknown
86,6688.8150000000005,unknown
87,6703.43875,unknown
88,6718.0625,unknown
89,6732.686250000001,unknown
90,6747.31,unknown
91,6764.770588235295,unknown
92,6782.231176470588,unknown
93,6799.691764705883,unknown
94,6817.152352941177,unknown
95,6834.612941176471,unknown
96,6852.073529411765,unknown
97,6869.534117647059,unknown
98,6886.994705882354,unknown
99,6904.455294117647,unknown
100,6921.9158823529415,unknown
101,6939.376470588236,unknown
102,6956.83705882353,unknown
103,6974.297647058824,unknown
104,6991.758235294118,unknown
105,7009.2188235294125,unknown
106,7026.679411764706,unknown
107,7044.14,unknown
108,7057.865238095238,unknown
109,7071.590476190477,unknown
110,7085.315714285714,unknown
111,7099.040952380953,unknown
112,7112.766190476191,unknown
113,7126.4914285714285,unknown
114,7140.216666666667,unknown
115,7153.941904761905,unknown
116,7167.667142857143,unknown
117,7181.392380952381,unknown
118,7195.117619047619,unknown
119,7208.842857142858,unknown
120,7222.568095238095,unknown
121,7236.293333333333,unknown
122,7250.018571428572,unknown
123,7263.743809523809,unknown
124,7277.469047619047,unknown
125,7291.194285714286,unknown
126,7304.9195238095235,unknown
127,7318.644761904762,unknown
128,7332.37,unknown
129,7349.15,unknown
130,7365.93,unknown
131,7382.71,unknown
132,7399.49,unknown
133,7416.2699999999995,unknown
134,7433.05,unknown
135,7449.83,unknown
136,7466.61,unknown
137,7483.389999999999,unknown
138,7500.17,unknown
139,7516.95,unknown
140,7533.73,unknown
141,7550.51,unknown
142,7567.29,unknown
143,7584.07,unknown
144,7600.849999999999,unknown
145,7617.63,unknown
146,7634.41,unknown
147,7651.19,unknown
148,7667.969999999999,unknown
149,7684.75,unknown
150,7701.53,unknown
151,7718.3099999999995,unknown
152,7735.09,unknown
153,7751.87,unknown
154,7768.65,unknown
155,7785.429999999999,unknown
156,7802.21,unknown
157,7818.99,unknown
158,7835.7699999999995,unknown
159,7852.549999999999,unknown
160,7869.33,unknown
161,7886.11,unknown
162,7904.840526315789,unknown
163,7923.571052631579,unknown
164,7942.301578947368,unknown
165,7961.032105263158,unknown
166,7979.762631578947,unknown
167,7998.493157894736,unknown
168,8017.223684210526,unknown
169,8035.954210526315,unknown
170,8054.684736842105,unknown
171,8073.4152631578945,unknown
172,8092.145789473684,unknown
173,8110.876315789474,unknown
174,8129.606842105263,unknown
175,8148.337368421053,unknown
176,8167.0678947368415,unknown
177,8185.798421052631,unknown
178,8204.52894736842,unknown
179,8223.259473684211,unknown
0,5859.15,TAYLOR 1
1,5874.234545454545,TAYLOR 1
2,5889.319090909091,TAYLOR 1
3,5904.403636363636,TAYLOR 1
4,5919.488181818181,TAYLOR 1
5,5934.572727272727,TAYLOR 1
6,5949.657272727272,TAYLOR 1
7,5964.741818181818,TAYLOR 1
8,5979.826363636364,TAYLOR 1
9,5994.910909090909,TAYLOR 1
10,6009.995454545455,TAYLOR 1
11,6025.08,TAYLOR 1
12,6040.164545454545,TAYLOR 1
13,6055.249090909091,TAYLOR 1
14,6070.333636363636,TAYLOR 1
15,6085.418181818181,TAYLOR 1
16,6100.5027272727275,TAYLOR 1
17,6115.587272727273,TAYLOR 1
18,6130.671818181819,TAYLOR 1
19,6145.756363636364,TAYLOR 1
20,6160.840909090909,TAYLOR 1
21,6175.925454545455,TAYLOR 1
22,6191.01,TAYLOR 1
23,6204.346666666666,TAYLOR 1
24,6217.683333333333,TAYLOR 1
25,6231.02,TAYLOR 1
26,6244.356666666667,TAYLOR 1
27,6257.693333333333,TAYLOR 1
28,6271.03,TAYLOR 1
29,6285.236666666667,TAYLOR 1
30,6299.443333333333,TAYLOR 1
31,6313.65,TAYLOR 1
32,6327.856666666667,TAYLOR 1
33,6342.0633333333335,TAYLOR 1
34,6356.2699999999995,TAYLOR 1
35,6370.4766666666665,TAYLOR 1
36,6384.683333333333,TAYLOR 1
37,6398.889999999999,TAYLOR 1
38,6413.096666666666,TAYLOR 1
39,6427.303333333333,TAYLOR 1
40,6441.51,TAYLOR 1
41,6455.716666666666,TAYLOR 1
42,6469.923333333333,TAYLOR 1
43,6484.13,TAYLOR 1
44,6498.336666666667,TAYLOR 1
45,6512.543333333333,TAYLOR 1
46,6526.75,TAYLOR 1
47,6542.04625,TAYLOR 1
48,6557.3425,TAYLOR 1
49,6572.63875,TAYLOR 1
50,6587.9349999999995,TAYLOR 1
51,6603.23125,TAYLOR 1
52,6618.5275,TAYLOR 1
53,6633.82375,TAYLOR 1
54,6649.12,TAYLOR 1
55,6670.667058823529,TAYLOR 1
56,6692.214117647059,TAYLOR 1
57,6713.761176470588,TAYLOR 1
58,6735.308235294117,TAYLOR 1
59,6756.855294117647,TAYLOR 1
60,6778.402352941176,TAYLOR 1
61,6799.9494117647055,TAYLOR 1
62,6821.496470588235,TAYLOR 1
63,6843.043529411765,TAYLOR 1
64,6864.5905882352945,TAYLOR 1
65,6886.137647058824,TAYLOR 1
66,6907.684705882353,TAYLOR 1
67,6929.231764705883,TAYLOR 1
68,6950.778823529412,TAYLOR 1
69,6972.325882352941,TAYLOR 1
70,6993.872941176471,TAYLOR 1
71,7015.42,TAYLOR 1
72,7027.750952380952,TAYLOR 1
73,7040.081904761905,TAYLOR 1
74,7052.412857142857,TAYLOR 1
75,7064.743809523809,TAYLOR 1
76,7077.0747619047615,TAYLOR 1
77,7089.405714285715,TAYLOR 1
78,7101.736666666667,TAYLOR 1
79,7114.067619047619,TAYLOR 1
80,7126.398571428572,TAYLOR 1
81,7138.729523809524,TAYLOR 1
82,7151.060476190476,TAYLOR 1
83,7163.391428571428,TAYLOR 1
84,7175.722380952381,TAYLOR 1
85,7188.053333333333,TAYLOR 1
86,7200.384285714285,TAYLOR 1
87,7212.715238095238,TAYLOR 1
88,7225.0461904761905,TAYLOR 1
89,7237.377142857143,TAYLOR 1
90,7249.708095238095,TAYLOR 1
91,7262.039047619048,TAYLOR 1
92,7274.37,TAYLOR 1
93,7293.245454545455,TAYLOR 1
94,7312.120909090909,TAYLOR 1
95,7330.996363636364,TAYLOR 1
96,7349.8718181818185,TAYLOR 1
97,7368.7472727272725,TAYLOR 1
98,7387.622727272727,TAYLOR 1
99,7406.498181818181,TAYLOR 1
100,7425.373636363636,TAYLOR 1
101,7444.249090909091,TAYLOR 1
102,7463.124545454545,TAYLOR 1
103,7482.0,TAYLOR 1
104,7500.875454545455,TAYLOR 1
105,7519.750909090909,TAYLOR 1
106,7538.626363636364,TAYLOR 1
107,7557.501818181819,TAYLOR 1
108,7576.377272727273,TAYLOR 1
109,7595.2527272727275,TAYLOR 1
110,7614.1281818181815,TAYLOR 1
111,7633.003636363636,TAYLOR 1
112,7651.879090909091,TAYLOR 1
113,7670.754545454545,TAYLOR 1
114,7689.63,TAYLOR 1
115,7708.505454545455,TAYLOR 1
116,7727.380909090909,TAYLOR 1
117,7746.256363636364,TAYLOR 1
118,7765.131818181819,TAYLOR 1
119,7784.007272727273,TAYLOR 1
120,7802.882727272728,TAYLOR 1
121,7821.7581818181825,TAYLOR 1
122,7840.6336363636365,TAYLOR 1
123,7859.509090909091,TAYLOR 1
124,7878.384545454545,TAYLOR 1
125,7897.26,TAYLOR 1
126,7916.125789473685,TAYLOR 1
127,7934.991578947369,TAYLOR 1
128,7953.857368421052,TAYLOR 1
129,7972.723157894737,TAYLOR 1
130,7991.588947368421,TAYLOR 1
131,8010.454736842105,TAYLOR 1
132,8029.32052631579,TAYLOR 1
133,8048.186315789473,TAYLOR 1
134,8067.0521052631575,TAYLOR 1
135,8085.917894736842,TAYLOR 1
136,8104.783684210526,TAYLOR 1
137,8123.64947368421,TAYLOR 1
138,8142.515263157894,TAYLOR 1
139,8161.381052631578,TAYLOR 1
140,8180.246842105263,TAYLOR 1
141,8199.112631578946,TAYLOR 1
142,8217.97842105263,TAYLOR 1
143,8236.844210526315,TAYLOR 1
0,5283.34,OLDHAM 1
1,5298.7735,OLDHAM 1
2,5314.207,OLDHAM 1
3,5329.6405,OLDHAM 1
4,5345.0740000000005,OLDHAM 1
5,5360.5075,OLDHAM 1
6,5375.941,OLDHAM 1
7,5391.3745,OLDHAM 1
8,5406.808,OLDHAM 1
9,5422.2415,OLDHAM 1
10,5437.675,OLDHAM 1
11,5453.1085,OLDHAM 1
12,5468.542,OLDHAM 1
13,5483.9755000000005,OLDHAM 1
14,5499.409000000001,OLDHAM 1
15,5514.842500000001,OLDHAM 1
16,5530.276,OLDHAM 1
17,5545.7095,OLDHAM 1
18,5561.143,OLDHAM 1
19,5576.5765,OLDHAM 1
20,5592.01,OLDHAM 1
21,5606.415625000001,OLDHAM 1
22,5620.82125,OLDHAM 1
23,5635.226875,OLDHAM 1
24,5649.6325,OLDHAM 1
25,5664.038125,OLDHAM 1
26,5678.44375,OLDHAM 1
27,5692.849375,OLDHAM 1
28,5707.255,OLDHAM 1
29,5721.660625,OLDHAM 1
30,5736.06625,OLDHAM 1
31,5750.471875,OLDHAM 1
32,5764.8775000000005,OLDHAM 1
33,5779.283125,OLDHAM 1
34,5793.68875,OLDHAM 1
35,5808.094375,OLDHAM 1
36,5822.5,OLDHAM 1
37,5837.016818181818,OLDHAM 1
38,5851.533636363636,OLDHAM 1
39,5866.050454545454,OLDHAM 1
40,5880.567272727273,OLDHAM 1
41,5895.084090909091,OLDHAM 1
42,5909.600909090909,OLDHAM 1
43,5924.117727272727,OLDHAM 1
44,5938.634545454545,OLDHAM 1
45,5953.151363636363,OLDHAM 1
46,5967.668181818181,OLDHAM 1
47,5982.1849999999995,OLDHAM 1
48,5996.701818181818,OLDHAM 1
49,6011.2186363636365,OLDHAM 1
50,6025.735454545455,OLDHAM 1
51,6040.252272727273,OLDHAM 1
52,6054.769090909091,OLDHAM 1
53,6069.285909090909,OLDHAM 1
54,6083.802727272727,OLDHAM 1
55,6098.319545454546,OLDHAM 1
56,6112.836363636364,OLDHAM 1
57,6127.353181818182,OLDHAM 1
58,6141.87,OLDHAM 1
59,6154.776666666667,OLDHAM 1
60,6167.683333333333,OLDHAM 1
61,6180.59,OLDHAM 1
62,6193.496666666667,OLDHAM 1
63,6206.403333333334,OLDHAM 1
64,6219.31,OLDHAM 1
65,6234.598333333333,OLDHAM 1
66,6249.886666666667,OLDHAM 1
67,6265.175,OLDHAM 1
68,6280.463333333334,OLDHAM 1
69,6295.751666666667,OLDHAM 1
70,6311.04,OLDHAM 1
71,6326.328333333334,OLDHAM 1
72,6341.616666666667,OLDHAM 1
73,6356.905000000001,OLDHAM 1
74,6372.193333333334,OLDHAM 1
75,6387.481666666667,OLDHAM 1
76,6402.77,OLDHAM 1
77,6418.058333333333,OLDHAM 1
78,6433.346666666666,OLDHAM 1
79,6448.635,OLDHAM 1
80,6463.923333333333,OLDHAM 1
81,6479.211666666667,OLDHAM 1
82,6494.5,OLDHAM 1
83,6508.58625,OLDHAM 1
84,6522.6725,OLDHAM 1
85,6536.75875,OLDHAM 1
86,6550.844999999999,OLDHAM 1
87,6564.93125,OLDHAM 1
88,6579.0175,OLDHAM 1
89,6593.103749999999,OLDHAM 1
90,6607.19,OLDHAM 1
91,6621.676470588235,OLDHAM 1
92,6636.162941176471,OLDHAM 1
93,6650.649411764705,OLDHAM 1
94,6665.135882352941,OLDHAM 1
95,6679.622352941176,OLDHAM 1
96,6694.108823529412,OLDHAM 1
97,6708.5952941176465,OLDHAM 1
98,6723.081764705882,OLDHAM 1
99,6737.568235294118,OLDHAM 1
100,6752.054705882353,OLDHAM 1
101,6766.541176470588,OLDHAM 1
102,6781.027647058823,OLDHAM 1
103,6795.514117647059,OLDHAM 1
104,6810.000588235294,OLDHAM 1
105,6824.48705882353,OLDHAM 1
106,6838.9735294117645,OLDHAM 1
107,6853.46,OLDHAM 1
108,6868.20619047619,OLDHAM 1
109,6882.952380952381,OLDHAM 1
110,6897.698571428571,OLDHAM 1
111,6912.444761904762,OLDHAM 1
112,6927.190952380953,OLDHAM 1
113,6941.937142857143,OLDHAM 1
114,6956.683333333333,OLDHAM 1
115,6971.429523809524,OLDHAM 1
116,6986.175714285714,OLDHAM 1
117,7000.921904761904,OLDHAM 1
118,7015.668095238096,OLDHAM 1
119,7030.414285714286,OLDHAM 1
120,7045.160476190476,OLDHAM 1
121,7059.906666666667,OLDHAM 1
122,7074.652857142857,OLDHAM 1
123,7089.399047619047,OLDHAM 1
124,7104.145238095238,OLDHAM 1
125,7118.891428571429,OLDHAM 1
126,7133.637619047619,OLDHAM 1
127,7148.38380952381,OLDHAM 1
128,7163.13,OLDHAM 1
129,7180.710303030303,OLDHAM 1
130,7198.2906060606065,OLDHAM 1
131,7215.870909090909,OLDHAM 1
132,7233.451212121212,OLDHAM 1
133,7251.031515151515,OLDHAM 1
134,7268.611818181818,OLDHAM 1
135,7286.1921212121215,OLDHAM 1
136,7303.772424242425,OLDHAM 1
137,7321.352727272727,OLDHAM 1
138,7338.93303030303,OLDHAM 1
139,7356.513333333333,OLDHAM 1
140,7374.0936363636365,OLDHAM 1
141,7391.67393939394,OLDHAM 1
142,7409.254242424242,OLDHAM 1
143,7426.834545454545,OLDHAM 1
144,7444.414848484848,OLDHAM 1
145,7461.9951515151515,OLDHAM 1
146,7479.575454545455,OLDHAM 1
147,7497.155757575758,OLDHAM 1
148,7514.73606060606,OLDHAM 1
149,7532.316363636363,OLDHAM 1
150,7549.8966666666665,OLDHAM 1
151,7567.47696969697,OLDHAM 1
152,7585.057272727273,OLDHAM 1
153,7602.637575757575,OLDHAM 1
154,7620.217878787878,OLDHAM 1
155,7637.798181818182,OLDHAM 1
156,7655.378484848485,OLDHAM 1
157,7672.958787878788,OLDHAM 1
158,7690.539090909091,OLDHAM 1
159,7708.119393939393,OLDHAM 1
160,7725.699696969697,OLDHAM 1
161,7743.28,OLDHAM 1
162,7761.3178947368415,OLDHAM 1
163,7779.355789473684,OLDHAM 1
164,7797.393684210526,OLDHAM 1
165,7815.4315789473685,OLDHAM 1
166,7833.46947368421,OLDHAM 1
167,7851.507368421053,OLDHAM 1
168,7869.545263157895,OLDHAM 1
169,7887.583157894736,OLDHAM 1
170,7905.621052631579,OLDHAM 1
171,7923.658947368421,OLDHAM 1
172,7941.696842105263,OLDHAM 1
173,7959.734736842105,OLDHAM 1
174,7977.772631578948,OLDHAM 1
175,7995.8105263157895,OLDHAM 1
176,8013.848421052631,OLDHAM 1
177,8031.886315789474,OLDHAM 1
178,8049.924210526316,OLDHAM 1
179,8067.962105263158,OLDHAM 1
0,5261.4,OLDHAM 39 2
1,5276.727,OLDHAM 39 2
2,5292.054,OLDHAM 39 2
3,5307.380999999999,OLDHAM 39 2
4,5322.708,OLDHAM 39 2
5,5338.035,OLDHAM 39 2
6,5353.361999999999,OLDHAM 39 2
7,5368.688999999999,OLDHAM 39 2
8,5384.016,OLDHAM 39 2
9,5399.343,OLDHAM 39 2
10,5414.67,OLDHAM 39 2
11,5429.996999999999,OLDHAM 39 2
12,5445.324,OLDHAM 39 2
13,5460.651,OLDHAM 39 2
14,5475.977999999999,OLDHAM 39 2
15,5491.304999999999,OLDHAM 39 2
16,5506.632,OLDHAM 39 2
17,5521.959,OLDHAM 39 2
18,5537.286,OLDHAM 39 2
19,5552.612999999999,OLDHAM 39 2
20,5567.94,OLDHAM 39 2
21,5582.636874999999,OLDHAM 39 2
22,5597.33375,OLDHAM 39 2
23,5612.030624999999,OLDHAM 39 2
24,5626.7275,OLDHAM 39 2
25,5641.424375,OLDHAM 39 2
26,5656.12125,OLDHAM 39 2
27,5670.818125,OLDHAM 39 2
28,5685.514999999999,OLDHAM 39 2
29,5700.211875,OLDHAM 39 2
30,5714.90875,OLDHAM 39 2
31,5729.605625,OLDHAM 39 2
32,5744.3025,OLDHAM 39 2
33,5758.999375,OLDHAM 39 2
34,5773.69625,OLDHAM 39 2
35,5788.3931250000005,OLDHAM 39 2
36,5803.09,OLDHAM 39 2
37,5817.267272727273,OLDHAM 39 2
38,5831.444545454546,OLDHAM 39 2
39,5845.6218181818185,OLDHAM 39 2
40,5859.799090909091,OLDHAM 39 2
41,5873.976363636364,OLDHAM 39 2
42,5888.153636363636,OLDHAM 39 2
43,5902.330909090909,OLDHAM 39 2
44,5916.508181818182,OLDHAM 39 2
45,5930.685454545454,OLDHAM 39 2
46,5944.862727272727,OLDHAM 39 2
47,5959.04,OLDHAM 39 2
48,5973.217272727273,OLDHAM 39 2
49,5987.394545454546,OLDHAM 39 2
50,6001.571818181818,OLDHAM 39 2
51,6015.749090909091,OLDHAM 39 2
52,6029.926363636364,OLDHAM 39 2
53,6044.103636363636,OLDHAM 39 2
54,6058.280909090909,OLDHAM 39 2
55,6072.458181818181,OLDHAM 39 2
56,6086.635454545454,OLDHAM 39 2
57,6100.812727272727,OLDHAM 39 2
58,6114.99,OLDHAM 39 2
59,6129.048333333333,OLDHAM 39 2
60,6143.106666666667,OLDHAM 39 2
61,6157.165,OLDHAM 39 2
62,6171.223333333333,OLDHAM 39 2
63,6185.281666666667,OLDHAM 39 2
64,6199.34,OLDHAM 39 2
65,6214.471111111111,OLDHAM 39 2
66,6229.602222222223,OLDHAM 39 2
67,6244.733333333334,OLDHAM 39 2
68,6259.864444444444,OLDHAM 39 2
69,6274.995555555555,OLDHAM 39 2
70,6290.126666666667,OLDHAM 39 2
71,6305.257777777778,OLDHAM 39 2
72,6320.388888888889,OLDHAM 39 2
73,6335.52,OLDHAM 39 2
74,6350.651111111111,OLDHAM 39 2
75,6365.782222222222,OLDHAM 39 2
76,6380.913333333333,OLDHAM 39 2
77,6396.044444444445,OLDHAM 39 2
78,6411.175555555556,OLDHAM 39 2
79,6426.306666666666,OLDHAM 39 2
80,6441.437777777777,OLDHAM 39 2
81,6456.568888888889,OLDHAM 39 2
82,6471.7,OLDHAM 39 2
83,6485.74,OLDHAM 39 2
84,6499.78,OLDHAM 39 2
85,6513.82,OLDHAM 39 2
86,6527.860000000001,OLDHAM 39 2
87,6541.900000000001,OLDHAM 39 2
88,6555.9400000000005,OLDHAM 39 2
89,6569.9800000000005,OLDHAM 39 2
90,6584.02,OLDHAM 39 2
91,6598.601176470589,OLDHAM 39 2
92,6613.182352941177,OLDHAM 39 2
93,6627.763529411765,OLDHAM 39 2
94,6642.344705882353,OLDHAM 39 2
95,6656.925882352942,OLDHAM 39 2
96,6671.507058823529,OLDHAM 39 2
97,6686.088235294118,OLDHAM 39 2
98,6700.669411764706,OLDHAM 39 2
99,6715.250588235294,OLDHAM 39 2
100,6729.831764705882,OLDHAM 39 2
101,6744.412941176471,OLDHAM 39 2
102,6758.994117647058,OLDHAM 39 2
103,6773.575294117647,OLDHAM 39 2
104,6788.156470588235,OLDHAM 39 2
105,6802.737647058823,OLDHAM 39 2
106,6817.318823529411,OLDHAM 39 2
107,6831.9,OLDHAM 39 2
108,6847.020952380952,OLDHAM 39 2
109,6862.141904761905,OLDHAM 39 2
110,6877.262857142857,OLDHAM 39 2
111,6892.383809523809,OLDHAM 39 2
112,6907.504761904762,OLDHAM 39 2
113,6922.625714285714,OLDHAM 39 2
114,6937.746666666666,OLDHAM 39 2
115,6952.867619047619,OLDHAM 39 2
116,6967.988571428571,OLDHAM 39 2
117,6983.109523809523,OLDHAM 39 2
118,6998.230476190476,OLDHAM 39 2
119,7013.351428571428,OLDHAM 39 2
120,7028.47238095238,OLDHAM 39 2
121,7043.593333333333,OLDHAM 39 2
122,7058.714285714285,OLDHAM 39 2
123,7073.835238095237,OLDHAM 39 2
124,7088.95619047619,OLDHAM 39 2
125,7104.0771428571425,OLDHAM 39 2
126,7119.1980952380945,OLDHAM 39 2
127,7134.3190476190475,OLDHAM 39 2
128,7149.44,OLDHAM 39 2
129,7167.14212121212,OLDHAM 39 2
130,7184.844242424242,OLDHAM 39 2
131,7202.546363636363,OLDHAM 39 2
132,7220.248484848485,OLDHAM 39 2
133,7237.950606060605,OLDHAM 39 2
134,7255.652727272727,OLDHAM 39 2
135,7273.354848484848,OLDHAM 39 2
136,7291.05696969697,OLDHAM 39 2
137,7308.75909090909,OLDHAM 39 2
138,7326.461212121212,OLDHAM 39 2
139,7344.163333333333,OLDHAM 39 2
140,7361.865454545454,OLDHAM 39 2
141,7379.5675757575755,OLDHAM 39 2
142,7397.269696969696,OLDHAM 39 2
143,7414.971818181818,OLDHAM 39 2
144,7432.673939393939,OLDHAM 39 2
145,7450.3760606060605,OLDHAM 39 2
146,7468.078181818181,OLDHAM 39 2
147,7485.780303030303,OLDHAM 39 2
148,7503.482424242424,OLDHAM 39 2
149,7521.1845454545455,OLDHAM 39 2
150,7538.886666666666,OLDHAM 39 2
151,7556.588787878787,OLDHAM 39 2
152,7574.290909090909,OLDHAM 39 2
153,7591.99303030303,OLDHAM 39 2
154,7609.695151515151,OLDHAM 39 2
155,7627.397272727272,OLDHAM 39 2
156,7645.099393939394,OLDHAM 39 2
157,7662.801515151515,OLDHAM 39 2
158,7680.503636363636,OLDHAM 39 2
159,7698.205757575757,OLDHAM 39 2
160,7715.907878787879,OLDHAM 39 2
161,7733.61,OLDHAM 39 2
162,7751.856842105263,OLDHAM 39 2
163,7770.103684210526,OLDHAM 39 2
164,7788.3505263157895,OLDHAM 39 2
165,7806.597368421052,OLDHAM 39 2
166,7824.844210526316,OLDHAM 39 2
167,7843.091052631578,OLDHAM 39 2
168,7861.337894736842,OLDHAM 39 2
169,7879.5847368421055,OLDHAM 39 2
170,7897.831578947368,OLDHAM 39 2
171,7916.078421052632,OLDHAM 39 2
172,7934.325263157894,OLDHAM 39 2
173,7952.572105263158,OLDHAM 39 2
174,7970.8189473684215,OLDHAM 39 2
175,7989.065789473684,OLDHAM 39 2
176,8007.312631578948,OLDHAM 39 2
177,8025.55947368421,OLDHAM 39 2
178,8043.806315789474,OLDHAM 39 2
179,8062.053157894737,OLDHAM 39 2
0,5242.25,GRIFFIN 1
1,5258.198,GRIFFIN 1
2,5274.146,GRIFFIN 1
3,5290.094,GRIFFIN 1
4,5306.042,GRIFFIN 1
5,5321.99,GRIFFIN 1
6,5337.938,GRIFFIN 1
7,5353.886,GRIFFIN 1
8,5369.834,GRIFFIN 1
9,5385.782,GRIFFIN 1
10,5401.73,GRIFFIN 1
11,5417.678,GRIFFIN 1
12,5433.626,GRIFFIN 1
13,5449.574,GRIFFIN 1
14,5465.522,GRIFFIN 1
15,5481.47,GRIFFIN 1
16,5497.418,GRIFFIN 1
17,5513.366,GRIFFIN 1
18,5529.314,GRIFFIN 1
19,5545.262,GRIFFIN 1
20,5561.21,GRIFFIN 1
21,5574.936875,GRIFFIN 1
22,5588.66375,GRIFFIN 1
23,5602.390625,GRIFFIN 1
24,5616.1175,GRIFFIN 1
25,5629.844375,GRIFFIN 1
26,5643.57125,GRIFFIN 1
27,5657.298125,GRIFFIN 1
28,5671.025,GRIFFIN 1
29,5684.751875,GRIFFIN 1
30,5698.47875,GRIFFIN 1
31,5712.2056250000005,GRIFFIN 1
32,5725.9325,GRIFFIN 1
33,5739.659375,GRIFFIN 1
34,5753.3862500000005,GRIFFIN 1
35,5767.113125,GRIFFIN 1
36,5780.84,GRIFFIN 1
37,5796.969545454545,GRIFFIN 1
38,5813.099090909091,GRIFFIN 1
39,5829.228636363637,GRIFFIN 1
40,5845.358181818182,GRIFFIN 1
41,5861.487727272727,GRIFFIN 1
42,5877.617272727272,GRIFFIN 1
43,5893.7468181818185,GRIFFIN 1
44,5909.876363636364,GRIFFIN 1
45,5926.005909090909,GRIFFIN 1
46,5942.135454545454,GRIFFIN 1
47,5958.264999999999,GRIFFIN 1
48,5974.394545454546,GRIFFIN 1
49,5990.524090909091,GRIFFIN 1
50,6006.653636363636,GRIFFIN 1
51,6022.783181818181,GRIFFIN 1
52,6038.912727272727,GRIFFIN 1
53,6055.042272727273,GRIFFIN 1
54,6071.171818181818,GRIFFIN 1
55,6087.301363636363,GRIFFIN 1
56,6103.430909090908,GRIFFIN 1
57,6119.560454545454,GRIFFIN 1
58,6135.69,GRIFFIN 1
59,6149.748333333333,GRIFFIN 1
60,6163.806666666666,GRIFFIN 1
61,6177.865,GRIFFIN 1
62,6191.923333333333,GRIFFIN 1
63,6205.981666666667,GRIFFIN 1
64,6220.04,GRIFFIN 1
65,6234.511666666666,GRIFFIN 1
66,6248.983333333334,GRIFFIN 1
67,6263.455,GRIFFIN 1
68,6277.926666666666,GRIFFIN 1
69,6292.3983333333335,GRIFFIN 1
70,6306.87,GRIFFIN 1
71,6321.341666666666,GRIFFIN 1
72,6335.8133333333335,GRIFFIN 1
73,6350.285,GRIFFIN 1
74,6364.756666666666,GRIFFIN 1
75,6379.2283333333335,GRIFFIN 1
76,6393.7,GRIFFIN 1
77,6408.171666666666,GRIFFIN 1
78,6422.643333333333,GRIFFIN 1
79,6437.115,GRIFFIN 1
80,6451.586666666666,GRIFFIN 1
81,6466.058333333333,GRIFFIN 1
82,6480.53,GRIFFIN 1
83,6495.82625,GRIFFIN 1
84,6511.1224999999995,GRIFFIN 1
85,6526.41875,GRIFFIN 1
86,6541.715,GRIFFIN 1
87,6557.01125,GRIFFIN 1
88,6572.3075,GRIFFIN 1
89,6587.603749999999,GRIFFIN 1
90,6602.9,GRIFFIN 1
91,6615.358235294118,GRIFFIN 1
92,6627.816470588235,GRIFFIN 1
93,6640.2747058823525,GRIFFIN 1
94,6652.73294117647,GRIFFIN 1
95,6665.191176470588,GRIFFIN 1
96,6677.649411764705,GRIFFIN 1
97,6690.107647058823,GRIFFIN 1
98,6702.565882352941,GRIFFIN 1
99,6715.024117647058,GRIFFIN 1
100,6727.482352941176,GRIFFIN 1
101,6739.940588235294,GRIFFIN 1
102,6752.398823529411,GRIFFIN 1
103,6764.857058823529,GRIFFIN 1
104,6777.315294117647,GRIFFIN 1
105,6789.773529411765,GRIFFIN 1
106,6802.231764705882,GRIFFIN 1
107,6814.69,GRIFFIN 1
108,6832.353333333333,GRIFFIN 1
109,6850.016666666666,GRIFFIN 1
110,6867.679999999999,GRIFFIN 1
111,6885.343333333333,GRIFFIN 1
112,6903.006666666666,GRIFFIN 1
113,6920.67,GRIFFIN 1
114,6938.333333333333,GRIFFIN 1
115,6955.996666666666,GRIFFIN 1
116,6973.66,GRIFFIN 1
117,6991.323333333333,GRIFFIN 1
118,7008.986666666667,GRIFFIN 1
119,7026.65,GRIFFIN 1
120,7044.3133333333335,GRIFFIN 1
121,7061.9766666666665,GRIFFIN 1
122,7079.639999999999,GRIFFIN 1
123,7097.303333333333,GRIFFIN 1
124,7114.966666666666,GRIFFIN 1
125,7132.63,GRIFFIN 1
126,7150.293333333333,GRIFFIN 1
127,7167.956666666667,GRIFFIN 1
128,7185.62,GRIFFIN 1
129,7202.577878787879,GRIFFIN 1
130,7219.535757575757,GRIFFIN 1
131,7236.493636363636,GRIFFIN 1
132,7253.451515151515,GRIFFIN 1
133,7270.409393939393,GRIFFIN 1
134,7287.367272727272,GRIFFIN 1
135,7304.325151515151,GRIFFIN 1
136,7321.2830303030305,GRIFFIN 1
137,7338.240909090909,GRIFFIN 1
138,7355.198787878788,GRIFFIN 1
139,7372.156666666667,GRIFFIN 1
140,7389.114545454545,GRIFFIN 1
141,7406.072424242424,GRIFFIN 1
142,7423.030303030303,GRIFFIN 1
143,7439.988181818181,GRIFFIN 1
144,7456.94606060606,GRIFFIN 1
145,7473.903939393939,GRIFFIN 1
146,7490.861818181818,GRIFFIN 1
147,7507.819696969696,GRIFFIN 1
148,7524.7775757575755,GRIFFIN 1
149,7541.735454545455,GRIFFIN 1
150,7558.693333333333,GRIFFIN 1
151,7575.651212121212,GRIFFIN 1
152,7592.609090909091,GRIFFIN 1
153,7609.566969696969,GRIFFIN 1
154,7626.524848484848,GRIFFIN 1
155,7643.482727272727,GRIFFIN 1
156,7660.440606060605,GRIFFIN 1
157,7677.398484848484,GRIFFIN 1
158,7694.356363636363,GRIFFIN 1
159,7711.3142424242415,GRIFFIN 1
160,7728.2721212121205,GRIFFIN 1
161,7745.23,GRIFFIN 1
162,7759.784210526315,GRIFFIN 1
163,7774.338421052631,GRIFFIN 1
164,7788.892631578947,GRIFFIN 1
165,7803.4468421052625,GRIFFIN 1
166,7818.001052631579,GRIFFIN 1
167,7832.555263157895,GRIFFIN 1
168,7847.109473684211,GRIFFIN 1
169,7861.663684210526,GRIFFIN 1
170,7876.217894736842,GRIFFIN 1
171,7890.772105263158,GRIFFIN 1
172,7905.3263157894735,GRIFFIN 1
173,7919.880526315789,GRIFFIN 1
174,7934.434736842105,GRIFFIN 1
175,7948.988947368421,GRIFFIN 1
176,7963.543157894737,GRIFFIN 1
177,7978.097368421053,GRIFFIN 1
178,7992.651578947369,GRIFFIN 1
179,8007.2057894736845,GRIFFIN 1
0,5249.52,LAITALA 2
1,5265.9335,LAITALA 2
2,5282.347000000001,LAITALA 2
3,5298.7605,LAITALA 2
4,5315.174,LAITALA 2
5,5331.587500000001,LAITALA 2
6,5348.001,LAITALA 2
7,5364.4145,LAITALA 2
8,5380.828,LAITALA 2
9,5397.2415,LAITALA 2
10,5413.655000000001,LAITALA 2
11,5430.0685,LAITALA 2
12,5446.482,LAITALA 2
13,5462.8955000000005,LAITALA 2
14,5479.309,LAITALA 2
15,5495.7225,LAITALA 2
16,5512.136,LAITALA 2
17,5528.5495,LAITALA 2
18,5544.963,LAITALA 2
19,5561.3765,LAITALA 2
20,5577.79,LAITALA 2
21,5591.516875,LAITALA 2
22,5605.24375,LAITALA 2
23,5618.970625,LAITALA 2
24,5632.6975,LAITALA 2
25,5646.424375,LAITALA 2
26,5660.15125,LAITALA 2
27,5673.878125,LAITALA 2
28,5687.605,LAITALA 2
29,5701.331875,LAITALA 2
30,5715.05875,LAITALA 2
31,5728.785625,LAITALA 2
32,5742.5125,LAITALA 2
33,5756.239375,LAITALA 2
34,5769.96625,LAITALA 2
35,5783.693125,LAITALA 2
36,5797.42,LAITALA 2
37,5812.844545454545,LAITALA 2
38,5828.269090909091,LAITALA 2
39,5843.693636363637,LAITALA 2
40,5859.118181818182,LAITALA 2
41,5874.5427272727275,LAITALA 2
42,5889.967272727273,LAITALA 2
43,5905.391818181818,LAITALA 2
44,5920.816363636363,LAITALA 2
45,5936.24090909091,LAITALA 2
46,5951.665454545455,LAITALA 2
47,5967.09,LAITALA 2
48,5982.514545454545,LAITALA 2
49,5997.939090909091,LAITALA 2
50,6013.363636363637,LAITALA 2
51,6028.788181818182,LAITALA 2
52,6044.2127272727275,LAITALA 2
53,6059.637272727273,LAITALA 2
54,6075.061818181818,LAITALA 2
55,6090.486363636363,LAITALA 2
56,6105.91090909091,LAITALA 2
57,6121.335454545455,LAITALA 2
58,6136.76,LAITALA 2
59,6150.741666666667,LAITALA 2
60,6164.723333333333,LAITALA 2
61,6178.705,LAITALA 2
62,6192.6866666666665,LAITALA 2
63,6206.668333333333,LAITALA 2
64,6220.65,LAITALA 2
65,6234.964444444444,LAITALA 2
66,6249.278888888889,LAITALA 2
67,6263.593333333333,LAITALA 2
68,6277.9077777777775,LAITALA 2
69,6292.222222222222,LAITALA 2
70,6306.536666666667,LAITALA 2
71,6320.851111111111,LAITALA 2
72,6335.165555555555,LAITALA 2
73,6349.48,LAITALA 2
74,6363.794444444445,LAITALA 2
75,6378.108888888889,LAITALA 2
76,6392.423333333333,LAITALA 2
77,6406.737777777778,LAITALA 2
78,6421.052222222223,LAITALA 2
79,6435.366666666667,LAITALA 2
80,6449.681111111111,LAITALA 2
81,6463.995555555556,LAITALA 2
82,6478.31,LAITALA 2
83,6492.44125,LAITALA 2
84,6506.5725,LAITALA 2
85,6520.703750000001,LAITALA 2
86,6534.835,LAITALA 2
87,6548.9662499999995,LAITALA 2
88,6563.0975,LAITALA 2
89,6577.22875,LAITALA 2
90,6591.36,LAITALA 2
91,6604.142352941176,LAITALA 2
92,6616.924705882353,LAITALA 2
93,6629.707058823529,LAITALA 2
94,6642.489411764705,LAITALA 2
95,6655.271764705882,LAITALA 2
96,6668.054117647059,LAITALA 2
97,6680.836470588235,LAITALA 2
98,6693.618823529411,LAITALA 2
99,6706.401176470588,LAITALA 2
100,6719.1835294117645,LAITALA 2
101,6731.965882352941,LAITALA 2
102,6744.748235294118,LAITALA 2
103,6757.530588235294,LAITALA 2
104,6770.31294117647,LAITALA 2
105,6783.0952941176465,LAITALA 2
106,6795.877647058824,LAITALA 2
107,6808.66,LAITALA 2
108,6825.347142857143,LAITALA 2
109,6842.034285714286,LAITALA 2
110,6858.721428571428,LAITALA 2
111,6875.408571428571,LAITALA 2
112,6892.095714285714,LAITALA 2
113,6908.782857142857,LAITALA 2
114,6925.47,LAITALA 2
115,6942.157142857142,LAITALA 2
116,6958.844285714285,LAITALA 2
117,6975.5314285714285,LAITALA 2
118,6992.2185714285715,LAITALA 2
119,7008.905714285715,LAITALA 2
120,7025.592857142858,LAITALA 2
121,7042.28,LAITALA 2
122,7058.967142857143,LAITALA 2
123,7075.654285714286,LAITALA 2
124,7092.341428571429,LAITALA 2
125,7109.028571428572,LAITALA 2
126,7125.715714285714,LAITALA 2
127,7142.402857142857,LAITALA 2
128,7159.09,LAITALA 2
129,7175.569696969697,LAITALA 2
130,7192.049393939394,LAITALA 2
131,7208.529090909091,LAITALA 2
132,7225.008787878788,LAITALA 2
133,7241.488484848485,LAITALA 2
134,7257.968181818182,LAITALA 2
135,7274.447878787879,LAITALA 2
136,7290.927575757576,LAITALA 2
137,7307.407272727273,LAITALA 2
138,7323.88696969697,LAITALA 2
139,7340.366666666667,LAITALA 2
140,7356.846363636364,LAITALA 2
141,7373.32606060606,LAITALA 2
142,7389.8057575757575,LAITALA 2
143,7406.285454545455,LAITALA 2
144,7422.765151515152,LAITALA 2
145,7439.244848484848,LAITALA 2
146,7455.7245454545455,LAITALA 2
147,7472.204242424243,LAITALA 2
148,7488.683939393939,LAITALA 2
149,7505.163636363636,LAITALA 2
150,7521.643333333333,LAITALA 2
151,7538.123030303031,LAITALA 2
152,7554.602727272727,LAITALA 2
153,7571.082424242424,LAITALA 2
154,7587.562121212121,LAITALA 2
155,7604.041818181819,LAITALA 2
156,7620.521515151515,LAITALA 2
157,7637.001212121212,LAITALA 2
158,7653.480909090909,LAITALA 2
159,7669.960606060606,LAITALA 2
160,7686.440303030303,LAITALA 2
161,7702.92,LAITALA 2
162,7718.431052631579,LAITALA 2
163,7733.942105263158,LAITALA 2
164,7749.453157894737,LAITALA 2
165,7764.964210526316,LAITALA 2
166,7780.475263157895,LAITALA 2
167,7795.986315789473,LAITALA 2
168,7811.497368421053,LAITALA 2
169,7827.008421052632,LAITALA 2
170,7842.51947368421,LAITALA 2
171,7858.03052631579,LAITALA 2
172,7873.541578947368,LAITALA 2
173,7889.0526315789475,LAITALA 2
174,7904.563684210527,LAITALA 2
175,7920.074736842105,LAITALA 2
176,7935.585789473685,LAITALA 2
177,7951.096842105263,LAITALA 2
178,7966.607894736842,LAITALA 2
179,7982.118947368421,LAITALA 2
0,5369.05,THOMPSON `24` 1
1,5385.1925,THOMPSON `24` 1
2,5401.335,THOMPSON `24` 1
3,5417.4775,THOMPSON `24` 1
4,5433.62,THOMPSON `24` 1
5,5449.7625,THOMPSON `24` 1
6,5465.905,THOMPSON `24` 1
7,5482.0475,THOMPSON `24` 1
8,5498.19,THOMPSON `24` 1
9,5514.3324999999995,THOMPSON `24` 1
10,5530.475,THOMPSON `24` 1
11,5546.6175,THOMPSON `24` 1
12,5562.76,THOMPSON `24` 1
13,5578.9025,THOMPSON `24` 1
14,5595.045,THOMPSON `24` 1
15,5611.1875,THOMPSON `24` 1
16,5627.33,THOMPSON `24` 1
17,5643.4725,THOMPSON `24` 1
18,5659.615,THOMPSON `24` 1
19,5675.7575,THOMPSON `24` 1
20,5691.9,THOMPSON `24` 1
21,5706.014375,THOMPSON `24` 1
22,5720.12875,THOMPSON `24` 1
23,5734.243125,THOMPSON `24` 1
24,5748.3575,THOMPSON `24` 1
25,5762.471874999999,THOMPSON `24` 1
26,5776.586249999999,THOMPSON `24` 1
27,5790.7006249999995,THOMPSON `24` 1
28,5804.815,THOMPSON `24` 1
29,5818.929375,THOMPSON `24` 1
30,5833.04375,THOMPSON `24` 1
31,5847.158125,THOMPSON `24` 1
32,5861.272499999999,THOMPSON `24` 1
33,5875.386874999999,THOMPSON `24` 1
34,5889.501249999999,THOMPSON `24` 1
35,5903.615624999999,THOMPSON `24` 1
36,5917.73,THOMPSON `24` 1
37,5933.3727272727265,THOMPSON `24` 1
38,5949.015454545454,THOMPSON `24` 1
39,5964.658181818181,THOMPSON `24` 1
40,5980.300909090909,THOMPSON `24` 1
41,5995.943636363636,THOMPSON `24` 1
42,6011.586363636363,THOMPSON `24` 1
43,6027.229090909091,THOMPSON `24` 1
44,6042.871818181818,THOMPSON `24` 1
45,6058.514545454545,THOMPSON `24` 1
46,6074.157272727272,THOMPSON `24` 1
47,6089.799999999999,THOMPSON `24` 1
48,6105.442727272727,THOMPSON `24` 1
49,6121.085454545454,THOMPSON `24` 1
50,6136.728181818182,THOMPSON `24` 1
51,6152.370909090909,THOMPSON `24` 1
52,6168.013636363637,THOMPSON `24` 1
53,6183.6563636363635,THOMPSON `24` 1
54,6199.29909090909,THOMPSON `24` 1
55,6214.941818181818,THOMPSON `24` 1
56,6230.584545454545,THOMPSON `24` 1
57,6246.227272727273,THOMPSON `24` 1
58,6261.87,THOMPSON `24` 1
59,6275.981666666667,THOMPSON `24` 1
60,6290.093333333333,THOMPSON `24` 1
61,6304.205,THOMPSON `24` 1
62,6318.316666666667,THOMPSON `24` 1
63,6332.428333333333,THOMPSON `24` 1
64,6346.54,THOMPSON `24` 1
65,6361.7011111111115,THOMPSON `24` 1
66,6376.862222222222,THOMPSON `24` 1
67,6392.0233333333335,THOMPSON `24` 1
68,6407.184444444444,THOMPSON `24` 1
69,6422.345555555556,THOMPSON `24` 1
70,6437.506666666666,THOMPSON `24` 1
71,6452.667777777778,THOMPSON `24` 1
72,6467.828888888888,THOMPSON `24` 1
73,6482.99,THOMPSON `24` 1
74,6498.151111111111,THOMPSON `24` 1
75,6513.312222222222,THOMPSON `24` 1
76,6528.473333333333,THOMPSON `24` 1
77,6543.634444444444,THOMPSON `24` 1
78,6558.795555555555,THOMPSON `24` 1
79,6573.956666666666,THOMPSON `24` 1
80,6589.1177777777775,THOMPSON `24` 1
81,6604.278888888888,THOMPSON `24` 1
82,6619.44,THOMPSON `24` 1
83,6633.745,THOMPSON `24` 1
84,6648.049999999999,THOMPSON `24` 1
85,6662.355,THOMPSON `24` 1
86,6676.66,THOMPSON `24` 1
87,6690.965,THOMPSON `24` 1
88,6705.27,THOMPSON `24` 1
89,6719.575,THOMPSON `24` 1
90,6733.88,THOMPSON `24` 1
91,6745.987647058823,THOMPSON `24` 1
92,6758.095294117647,THOMPSON `24` 1
93,6770.202941176471,THOMPSON `24` 1
94,6782.310588235294,THOMPSON `24` 1
95,6794.418235294118,THOMPSON `24` 1
96,6806.525882352941,THOMPSON `24` 1
97,6818.633529411764,THOMPSON `24` 1
98,6830.7411764705885,THOMPSON `24` 1
99,6842.848823529412,THOMPSON `24` 1
100,6854.956470588236,THOMPSON `24` 1
101,6867.064117647059,THOMPSON `24` 1
102,6879.171764705882,THOMPSON `24` 1
103,6891.279411764706,THOMPSON `24` 1
104,6903.3870588235295,THOMPSON `24` 1
105,6915.494705882353,THOMPSON `24` 1
106,6927.602352941177,THOMPSON `24` 1
107,6939.71,THOMPSON `24` 1
108,6956.153809523809,THOMPSON `24` 1
109,6972.597619047619,THOMPSON `24` 1
110,6989.041428571429,THOMPSON `24` 1
111,7005.485238095238,THOMPSON `24` 1
112,7021.929047619047,THOMPSON `24` 1
113,7038.372857142857,THOMPSON `24` 1
114,7054.816666666667,THOMPSON `24` 1
115,7071.260476190476,THOMPSON `24` 1
116,7087.704285714286,THOMPSON `24` 1
117,7104.148095238095,THOMPSON `24` 1
118,7120.5919047619045,THOMPSON `24` 1
119,7137.035714285714,THOMPSON `24` 1
120,7153.479523809524,THOMPSON `24` 1
121,7169.923333333333,THOMPSON `24` 1
122,7186.367142857142,THOMPSON `24` 1
123,7202.810952380953,THOMPSON `24` 1
124,7219.254761904762,THOMPSON `24` 1
125,7235.698571428571,THOMPSON `24` 1
126,7252.14238095238,THOMPSON `24` 1
127,7268.5861904761905,THOMPSON `24` 1
128,7285.03,THOMPSON `24` 1
129,7297.754545454545,THOMPSON `24` 1
130,7310.479090909091,THOMPSON `24` 1
131,7323.203636363636,THOMPSON `24` 1
132,7335.928181818182,THOMPSON `24` 1
133,7348.652727272727,THOMPSON `24` 1
134,7361.377272727273,THOMPSON `24` 1
135,7374.101818181818,THOMPSON `24` 1
136,7386.826363636364,THOMPSON `24` 1
137,7399.550909090909,THOMPSON `24` 1
138,7412.2754545454545,THOMPSON `24` 1
139,7425.0,THOMPSON `24` 1
140,7437.7245454545455,THOMPSON `24` 1
141,7450.449090909091,THOMPSON `24` 1
142,7463.173636363636,THOMPSON `24` 1
143,7475.898181818182,THOMPSON `24` 1
144,7488.6227272727265,THOMPSON `24` 1
145,7501.347272727272,THOMPSON `24` 1
146,7514.071818181817,THOMPSON `24` 1
147,7526.796363636363,THOMPSON `24` 1
148,7539.520909090908,THOMPSON `24` 1
149,7552.245454545454,THOMPSON `24` 1
150,7564.969999999999,THOMPSON `24` 1
151,7577.694545454545,THOMPSON `24` 1
152,7590.41909090909,THOMPSON `24` 1
153,7603.143636363636,THOMPSON `24` 1
154,7615.868181818181,THOMPSON `24` 1
155,7628.592727272727,THOMPSON `24` 1
156,7641.317272727272,THOMPSON `24` 1
157,7654.041818181818,THOMPSON `24` 1
158,7666.766363636363,THOMPSON `24` 1
159,7679.490909090909,THOMPSON `24` 1
160,7692.215454545454,THOMPSON `24` 1
0,5437.66,BARR RANCH 1
1,5453.273,BARR RANCH 1
2,5468.8859999999995,BARR RANCH 1
3,5484.499,BARR RANCH 1
4,5500.112,BARR RANCH 1
5,5515.725,BARR RANCH 1
6,5531.338,BARR RANCH 1
7,5546.951,BARR RANCH 1
8,5562.564,BARR RANCH 1
9,5578.177,BARR RANCH 1
10,5593.79,BARR RANCH 1
11,5609.403,BARR RANCH 1
12,5625.016,BARR RANCH 1
13,5640.629,BARR RANCH 1
14,5656.242,BARR RANCH 1
15,5671.855,BARR RANCH 1
16,5687.468,BARR RANCH 1
17,5703.081,BARR RANCH 1
18,5718.694,BARR RANCH 1
19,5734.307,BARR RANCH 1
20,5749.92,BARR RANCH 1
21,5764.7625,BARR RANCH 1
22,5779.605,BARR RANCH 1
23,5794.4475,BARR RANCH 1
24,5809.29,BARR RANCH 1
25,5824.1325,BARR RANCH 1
26,5838.975,BARR RANCH 1
27,5853.8175,BARR RANCH 1
28,5868.66,BARR RANCH 1
29,5883.5025,BARR RANCH 1
30,5898.344999999999,BARR RANCH 1
31,5913.1875,BARR RANCH 1
32,5928.03,BARR RANCH 1
33,5942.8724999999995,BARR RANCH 1
34,5957.715,BARR RANCH 1
35,5972.5575,BARR RANCH 1
36,5987.4,BARR RANCH 1
37,6002.425454545454,BARR RANCH 1
38,6017.450909090909,BARR RANCH 1
39,6032.476363636363,BARR RANCH 1
40,6047.501818181818,BARR RANCH 1
41,6062.527272727272,BARR RANCH 1
42,6077.552727272727,BARR RANCH 1
43,6092.578181818181,BARR RANCH 1
44,6107.603636363636,BARR RANCH 1
45,6122.62909090909,BARR RANCH 1
46,6137.654545454545,BARR RANCH 1
47,6152.68,BARR RANCH 1
48,6167.705454545455,BARR RANCH 1
49,6182.730909090909,BARR RANCH 1
50,6197.756363636364,BARR RANCH 1
51,6212.781818181818,BARR RANCH 1
52,6227.807272727273,BARR RANCH 1
53,6242.832727272727,BARR RANCH 1
54,6257.858181818182,BARR RANCH 1
55,6272.8836363636365,BARR RANCH 1
56,6287.909090909091,BARR RANCH 1
57,6302.9345454545455,BARR RANCH 1
58,6317.96,BARR RANCH 1
59,6332.42,BARR RANCH 1
60,6346.88,BARR RANCH 1
61,6361.34,BARR RANCH 1
62,6375.8,BARR RANCH 1
63,6390.26,BARR RANCH 1
64,6404.72,BARR RANCH 1
65,6419.694444444444,BARR RANCH 1
66,6434.668888888889,BARR RANCH 1
67,6449.643333333333,BARR RANCH 1
68,6464.617777777778,BARR RANCH 1
69,6479.5922222222225,BARR RANCH 1
70,6494.566666666667,BARR RANCH 1
71,6509.541111111112,BARR RANCH 1
72,6524.515555555556,BARR RANCH 1
73,6539.49,BARR RANCH 1
74,6554.464444444445,BARR RANCH 1
75,6569.438888888889,BARR RANCH 1
76,6584.413333333334,BARR RANCH 1
77,6599.387777777778,BARR RANCH 1
78,6614.362222222222,BARR RANCH 1
79,6629.336666666667,BARR RANCH 1
80,6644.311111111111,BARR RANCH 1
81,6659.285555555556,BARR RANCH 1
82,6674.26,BARR RANCH 1
83,6688.780000000001,BARR RANCH 1
84,6703.3,BARR RANCH 1
85,6717.82,BARR RANCH 1
86,6732.34,BARR RANCH 1
87,6746.860000000001,BARR RANCH 1
88,6761.38,BARR RANCH 1
89,6775.9,BARR RANCH 1
90,6790.42,BARR RANCH 1
91,6803.02,BARR RANCH 1
92,6815.62,BARR RANCH 1
93,6828.22,BARR RANCH 1
94,6840.82,BARR RANCH 1
95,6853.42,BARR RANCH 1
96,6866.02,BARR RANCH 1
97,6878.62,BARR RANCH 1
98,6891.22,BARR RANCH 1
99,6903.82,BARR RANCH 1
100,6916.42,BARR RANCH 1
101,6929.0199999999995,BARR RANCH 1
102,6941.62,BARR RANCH 1
103,6954.22,BARR RANCH 1
104,6966.82,BARR RANCH 1
105,6979.42,BARR RANCH 1
106,6992.0199999999995,BARR RANCH 1
107,7004.62,BARR RANCH 1
108,7021.596190476191,BARR RANCH 1
109,7038.572380952381,BARR RANCH 1
110,7055.548571428571,BARR RANCH 1
111,7072.524761904761,BARR RANCH 1
112,7089.500952380952,BARR RANCH 1
113,7106.477142857143,BARR RANCH 1
114,7123.453333333333,BARR RANCH 1
115,7140.429523809524,BARR RANCH 1
116,7157.405714285715,BARR RANCH 1
117,7174.3819047619045,BARR RANCH 1
118,7191.358095238095,BARR RANCH 1
119,7208.334285714285,BARR RANCH 1
120,7225.310476190476,BARR RANCH 1
121,7242.286666666667,BARR RANCH 1
122,7259.262857142857,BARR RANCH 1
123,7276.239047619048,BARR RANCH 1
124,7293.2152380952375,BARR RANCH 1
125,7310.191428571428,BARR RANCH 1
126,7327.167619047619,BARR RANCH 1
127,7344.143809523809,BARR RANCH 1
128,7361.12,BARR RANCH 1
129,7373.913636363636,BARR RANCH 1
130,7386.7072727272725,BARR RANCH 1
131,7399.500909090909,BARR RANCH 1
132,7412.294545454545,BARR RANCH 1
133,7425.0881818181815,BARR RANCH 1
134,7437.881818181818,BARR RANCH 1
135,7450.675454545454,BARR RANCH 1
136,7463.4690909090905,BARR RANCH 1
137,7476.262727272728,BARR RANCH 1
138,7489.056363636364,BARR RANCH 1
139,7501.85,BARR RANCH 1
140,7514.643636363637,BARR RANCH 1
141,7527.437272727273,BARR RANCH 1
142,7540.230909090909,BARR RANCH 1
143,7553.024545454546,BARR RANCH 1
144,7565.818181818182,BARR RANCH 1
145,7578.611818181818,BARR RANCH 1
146,7591.405454545455,BARR RANCH 1
147,7604.199090909091,BARR RANCH 1
148,7616.992727272727,BARR RANCH 1
149,7629.786363636364,BARR RANCH 1
150,7642.58,BARR RANCH 1
151,7655.373636363636,BARR RANCH 1
152,7668.167272727273,BARR RANCH 1
153,7680.960909090909,BARR RANCH 1
154,7693.754545454546,BARR RANCH 1
155,7706.5481818181825,BARR RANCH 1
156,7719.341818181819,BARR RANCH 1
157,7732.135454545455,BARR RANCH 1
158,7744.929090909091,BARR RANCH 1
159,7757.722727272728,BARR RANCH 1
160,7770.516363636364,BARR RANCH 1
161,7783.31,BARR RANCH 1
162,7795.693684210527,BARR RANCH 1
163,7808.077368421053,BARR RANCH 1
164,7820.461052631579,BARR RANCH 1
165,7832.844736842106,BARR RANCH 1
166,7845.228421052632,BARR RANCH 1
167,7857.612105263158,BARR RANCH 1
168,7869.995789473684,BARR RANCH 1
169,7882.379473684211,BARR RANCH 1
170,7894.763157894738,BARR RANCH 1
171,7907.146842105263,BARR RANCH 1
172,7919.53052631579,BARR RANCH 1
173,7931.914210526316,BARR RANCH 1
174,7944.297894736843,BARR RANCH 1
175,7956.6815789473685,BARR RANCH 1
176,7969.065263157895,BARR RANCH 1
177,7981.448947368422,BARR RANCH 1
178,7993.832631578948,BARR RANCH 1
179,8006.216315789474,BARR RANCH 1
0,5526.28,BET THE FARM UNIT 1
1,5540.87,BET THE FARM UNIT 1
2,5555.46,BET THE FARM UNIT 1
3,5570.05,BET THE FARM UNIT 1
4,5584.639999999999,BET THE FARM UNIT 1
5,5599.23,BET THE FARM UNIT 1
6,5613.82,BET THE FARM UNIT 1
7,5628.41,BET THE FARM UNIT 1
8,5643.0,BET THE FARM UNIT 1
9,5657.59,BET THE FARM UNIT 1
10,5672.18,BET THE FARM UNIT 1
11,5686.7699999999995,BET THE FARM UNIT 1
12,5701.36,BET THE FARM UNIT 1
13,5715.95,BET THE FARM UNIT 1
14,5730.54,BET THE FARM UNIT 1
15,5745.13,BET THE FARM UNIT 1
16,5759.72,BET THE FARM UNIT 1
17,5774.3099999999995,BET THE FARM UNIT 1
18,5788.9,BET THE FARM UNIT 1
19,5803.49,BET THE FARM UNIT 1
20,5818.08,BET THE FARM UNIT 1
21,5832.14625,BET THE FARM UNIT 1
22,5846.2125,BET THE FARM UNIT 1
23,5860.27875,BET THE FARM UNIT 1
24,5874.345,BET THE FARM UNIT 1
25,5888.41125,BET THE FARM UNIT 1
26,5902.4775,BET THE FARM UNIT 1
27,5916.54375,BET THE FARM UNIT 1
28,5930.610000000001,BET THE FARM UNIT 1
29,5944.67625,BET THE FARM UNIT 1
30,5958.7425,BET THE FARM UNIT 1
31,5972.80875,BET THE FARM UNIT 1
32,5986.875,BET THE FARM UNIT 1
33,6000.94125,BET THE FARM UNIT 1
34,6015.007500000001,BET THE FARM UNIT 1
35,6029.0737500000005,BET THE FARM UNIT 1
36,6043.14,BET THE FARM UNIT 1
37,6057.928181818183,BET THE FARM UNIT 1
38,6072.716363636364,BET THE FARM UNIT 1
39,6087.504545454545,BET THE FARM UNIT 1
40,6102.2927272727275,BET THE FARM UNIT 1
41,6117.08090909091,BET THE FARM UNIT 1
42,6131.869090909091,BET THE FARM UNIT 1
43,6146.657272727272,BET THE FARM UNIT 1
44,6161.445454545455,BET THE FARM UNIT 1
45,6176.233636363637,BET THE FARM UNIT 1
46,6191.021818181818,BET THE FARM UNIT 1
47,6205.8099999999995,BET THE FARM UNIT 1
48,6220.598181818182,BET THE FARM UNIT 1
49,6235.386363636364,BET THE FARM UNIT 1
50,6250.174545454545,BET THE FARM UNIT 1
51,6264.962727272727,BET THE FARM UNIT 1
52,6279.750909090909,BET THE FARM UNIT 1
53,6294.539090909091,BET THE FARM UNIT 1
54,6309.327272727272,BET THE FARM UNIT 1
55,6324.115454545454,BET THE FARM UNIT 1
56,6338.903636363636,BET THE FARM UNIT 1
57,6353.691818181818,BET THE FARM UNIT 1
58,6368.48,BET THE FARM UNIT 1
59,6382.849999999999,BET THE FARM UNIT 1
60,6397.219999999999,BET THE FARM UNIT 1
61,6411.59,BET THE FARM UNIT 1
62,6425.96,BET THE FARM UNIT 1
63,6440.33,BET THE FARM UNIT 1
64,6454.7,BET THE FARM UNIT 1
65,6470.080555555555,BET THE FARM UNIT 1
66,6485.461111111111,BET THE FARM UNIT 1
67,6500.841666666666,BET THE FARM UNIT 1
68,6516.222222222222,BET THE FARM UNIT 1
69,6531.602777777778,BET THE FARM UNIT 1
70,6546.983333333334,BET THE FARM UNIT 1
71,6562.363888888889,BET THE FARM UNIT 1
72,6577.7444444444445,BET THE FARM UNIT 1
73,6593.125,BET THE FARM UNIT 1
74,6608.5055555555555,BET THE FARM UNIT 1
75,6623.886111111111,BET THE FARM UNIT 1
76,6639.266666666666,BET THE FARM UNIT 1
77,6654.647222222222,BET THE FARM UNIT 1
78,6670.027777777778,BET THE FARM UNIT 1
79,6685.408333333334,BET THE FARM UNIT 1
80,6700.788888888889,BET THE FARM UNIT 1
81,6716.169444444445,BET THE FARM UNIT 1
82,6731.55,BET THE FARM UNIT 1
83,6745.6825,BET THE FARM UNIT 1
84,6759.8150000000005,BET THE FARM UNIT 1
85,6773.9475,BET THE FARM UNIT 1
86,6788.08,BET THE FARM UNIT 1
87,6802.2125,BET THE FARM UNIT 1
88,6816.344999999999,BET THE FARM UNIT 1
89,6830.4775,BET THE FARM UNIT 1
90,6844.61,BET THE FARM UNIT 1
91,6857.027058823529,BET THE FARM UNIT 1
92,6869.444117647058,BET THE FARM UNIT 1
93,6881.861176470588,BET THE FARM UNIT 1
94,6894.278235294118,BET THE FARM UNIT 1
95,6906.695294117647,BET THE FARM UNIT 1
96,6919.112352941176,BET THE FARM UNIT 1
97,6931.529411764705,BET THE FARM UNIT 1
98,6943.946470588235,BET THE FARM UNIT 1
99,6956.363529411765,BET THE FARM UNIT 1
100,6968.780588235294,BET THE FARM UNIT 1
101,6981.197647058823,BET THE FARM UNIT 1
102,6993.614705882353,BET THE FARM UNIT 1
103,7006.031764705882,BET THE FARM UNIT 1
104,7018.448823529411,BET THE FARM UNIT 1
105,7030.865882352941,BET THE FARM UNIT 1
106,7043.282941176471,BET THE FARM UNIT 1
107,7055.7,BET THE FARM UNIT 1
108,7070.657142857142,BET THE FARM UNIT 1
109,7085.614285714286,BET THE FARM UNIT 1
110,7100.571428571428,BET THE FARM UNIT 1
111,7115.528571428571,BET THE FARM UNIT 1
112,7130.4857142857145,BET THE FARM UNIT 1
113,7145.442857142857,BET THE FARM UNIT 1
114,7160.4,BET THE FARM UNIT 1
115,7175.357142857143,BET THE FARM UNIT 1
116,7190.314285714286,BET THE FARM UNIT 1
117,7205.271428571428,BET THE FARM UNIT 1
118,7220.228571428572,BET THE FARM UNIT 1
119,7235.185714285714,BET THE FARM UNIT 1
120,7250.142857142857,BET THE FARM UNIT 1
121,7265.1,BET THE FARM UNIT 1
122,7280.057142857143,BET THE FARM UNIT 1
123,7295.0142857142855,BET THE FARM UNIT 1
124,7309.971428571429,BET THE FARM UNIT 1
125,7324.928571428572,BET THE FARM UNIT 1
126,7339.885714285714,BET THE FARM UNIT 1
127,7354.842857142858,BET THE FARM UNIT 1
128,7369.8,BET THE FARM UNIT 1
129,7381.923333333333,BET THE FARM UNIT 1
130,7394.046666666667,BET THE FARM UNIT 1
131,7406.17,BET THE FARM UNIT 1
132,7418.293333333333,BET THE FARM UNIT 1
133,7430.416666666667,BET THE FARM UNIT 1
134,7442.54,BET THE FARM UNIT 1
135,7454.663333333334,BET THE FARM UNIT 1
136,7466.786666666667,BET THE FARM UNIT 1
137,7478.91,BET THE FARM UNIT 1
138,7491.033333333334,BET THE FARM UNIT 1
139,7503.156666666667,BET THE FARM UNIT 1
140,7515.28,BET THE FARM UNIT 1
141,7527.403333333334,BET THE FARM UNIT 1
142,7539.526666666667,BET THE FARM UNIT 1
143,7551.65,BET THE FARM UNIT 1
144,7563.7733333333335,BET THE FARM UNIT 1
145,7575.8966666666665,BET THE FARM UNIT 1
146,7588.02,BET THE FARM UNIT 1
147,7600.143333333333,BET THE FARM UNIT 1
148,7612.266666666666,BET THE FARM UNIT 1
149,7624.39,BET THE FARM UNIT 1
150,7636.513333333333,BET THE FARM UNIT 1
151,7648.636666666666,BET THE FARM UNIT 1
152,7660.76,BET THE FARM UNIT 1
153,7672.883333333333,BET THE FARM UNIT 1
154,7685.006666666666,BET THE FARM UNIT 1
155,7697.13,BET THE FARM UNIT 1
156,7709.253333333333,BET THE FARM UNIT 1
157,7721.376666666667,BET THE FARM UNIT 1
158,7733.5,BET THE FARM UNIT 1
159,7745.623333333333,BET THE FARM UNIT 1
160,7757.746666666667,BET THE FARM UNIT 1
0,5580.37,COHIBA 1
1,5593.8735,COHIBA 1
2,5607.3769999999995,COHIBA 1
3,5620.8805,COHIBA 1
4,5634.384,COHIBA 1
5,5647.8875,COHIBA 1
6,5661.391,COHIBA 1
7,5674.894499999999,COHIBA 1
8,5688.398,COHIBA 1
9,5701.9015,COHIBA 1
10,5715.405,COHIBA 1
11,5728.9085,COHIBA 1
12,5742.411999999999,COHIBA 1
13,5755.9155,COHIBA 1
14,5769.419,COHIBA 1
15,5782.9225,COHIBA 1
16,5796.4259999999995,COHIBA 1
17,5809.929499999999,COHIBA 1
18,5823.433,COHIBA 1
19,5836.9365,COHIBA 1
20,5850.44,COHIBA 1
21,5864.651875,COHIBA 1
22,5878.8637499999995,COHIBA 1
23,5893.0756249999995,COHIBA 1
24,5907.287499999999,COHIBA 1
25,5921.499374999999,COHIBA 1
26,5935.711249999999,COHIBA 1
27,5949.923124999999,COHIBA 1
28,5964.135,COHIBA 1
29,5978.346875,COHIBA 1
30,5992.55875,COHIBA 1
31,6006.770625,COHIBA 1
32,6020.9825,COHIBA 1
33,6035.194375,COHIBA 1
34,6049.40625,COHIBA 1
35,6063.618125,COHIBA 1
36,6077.83,COHIBA 1
37,6092.889090909091,COHIBA 1
38,6107.948181818182,COHIBA 1
39,6123.007272727273,COHIBA 1
40,6138.066363636363,COHIBA 1
41,6153.125454545455,COHIBA 1
42,6168.1845454545455,COHIBA 1
43,6183.243636363636,COHIBA 1
44,6198.302727272728,COHIBA 1
45,6213.361818181818,COHIBA 1
46,6228.420909090909,COHIBA 1
47,6243.48,COHIBA 1
48,6258.539090909091,COHIBA 1
49,6273.598181818182,COHIBA 1
50,6288.657272727272,COHIBA 1
51,6303.716363636364,COHIBA 1
52,6318.7754545454545,COHIBA 1
53,6333.834545454545,COHIBA 1
54,6348.893636363637,COHIBA 1
55,6363.952727272727,COHIBA 1
56,6379.011818181818,COHIBA 1
57,6394.0709090909095,COHIBA 1
58,6409.13,COHIBA 1
59,6424.151666666667,COHIBA 1
60,6439.173333333333,COHIBA 1
61,6454.195,COHIBA 1
62,6469.216666666667,COHIBA 1
63,6484.238333333334,COHIBA 1
64,6499.26,COHIBA 1
65,6515.052222222223,COHIBA 1
66,6530.844444444445,COHIBA 1
67,6546.636666666667,COHIBA 1
68,6562.42888888889,COHIBA 1
69,6578.221111111111,COHIBA 1
70,6594.013333333333,COHIBA 1
71,6609.805555555556,COHIBA 1
72,6625.597777777778,COHIBA 1
73,6641.39,COHIBA 1
74,6657.182222222223,COHIBA 1
75,6672.974444444445,COHIBA 1
76,6688.766666666667,COHIBA 1
77,6704.55888888889,COHIBA 1
78,6720.351111111111,COHIBA 1
79,6736.143333333333,COHIBA 1
80,6751.935555555556,COHIBA 1
81,6767.727777777778,COHIBA 1
82,6783.52,COHIBA 1
83,6796.490000000001,COHIBA 1
84,6809.46,COHIBA 1
85,6822.43,COHIBA 1
86,6835.4,COHIBA 1
87,6848.37,COHIBA 1
88,6861.34,COHIBA 1
89,6874.3099999999995,COHIBA 1
90,6887.28,COHIBA 1
91,6899.468235294117,COHIBA 1
92,6911.656470588235,COHIBA 1
93,6923.844705882353,COHIBA 1
94,6936.032941176471,COHIBA 1
95,6948.221176470588,COHIBA 1
96,6960.4094117647055,COHIBA 1
97,6972.597647058823,COHIBA 1
98,6984.7858823529405,COHIBA 1
99,6996.974117647059,COHIBA 1
100,7009.162352941176,COHIBA 1
101,7021.350588235294,COHIBA 1
102,7033.538823529411,COHIBA 1
103,7045.727058823529,COHIBA 1
104,7057.915294117646,COHIBA 1
105,7070.103529411765,COHIBA 1
106,7082.291764705882,COHIBA 1
107,7094.48,COHIBA 1
108,7109.920476190476,COHIBA 1
109,7125.360952380952,COHIBA 1
110,7140.801428571428,COHIBA 1
111,7156.241904761904,COHIBA 1
112,7171.68238095238,COHIBA 1
113,7187.122857142856,COHIBA 1
114,7202.563333333333,COHIBA 1
115,7218.003809523809,COHIBA 1
116,7233.444285714285,COHIBA 1
117,7248.884761904761,COHIBA 1
118,7264.325238095238,COHIBA 1
119,7279.765714285714,COHIBA 1
120,7295.20619047619,COHIBA 1
121,7310.6466666666665,COHIBA 1
122,7326.087142857143,COHIBA 1
123,7341.527619047619,COHIBA 1
124,7356.968095238095,COHIBA 1
125,7372.408571428571,COHIBA 1
126,7387.849047619047,COHIBA 1
127,7403.289523809523,COHIBA 1
128,7418.73,COHIBA 1
129,7430.880909090909,COHIBA 1
130,7443.0318181818175,COHIBA 1
131,7455.182727272727,COHIBA 1
132,7467.333636363636,COHIBA 1
133,7479.484545454545,COHIBA 1
134,7491.635454545454,COHIBA 1
135,7503.786363636364,COHIBA 1
136,7515.937272727272,COHIBA 1
137,7528.0881818181815,COHIBA 1
138,7540.239090909091,COHIBA 1
139,7552.389999999999,COHIBA 1
140,7564.540909090909,COHIBA 1
141,7576.691818181818,COHIBA 1
142,7588.842727272727,COHIBA 1
143,7600.993636363636,COHIBA 1
144,7613.144545454546,COHIBA 1
145,7625.295454545454,COHIBA 1
146,7637.4463636363635,COHIBA 1
147,7649.597272727273,COHIBA 1
148,7661.748181818181,COHIBA 1
149,7673.899090909091,COHIBA 1
150,7686.05,COHIBA 1
151,7698.200909090909,COHIBA 1
152,7710.351818181818,COHIBA 1
153,7722.5027272727275,COHIBA 1
154,7734.653636363636,COHIBA 1
155,7746.804545454545,COHIBA 1
156,7758.955454545455,COHIBA 1
157,7771.106363636363,COHIBA 1
158,7783.257272727273,COHIBA 1
159,7795.408181818182,COHIBA 1
160,7807.559090909091,COHIBA 1
161,7819.71,COHIBA 1
162,7827.225789473684,COHIBA 1
163,7834.741578947369,COHIBA 1
164,7842.257368421053,COHIBA 1
165,7849.773157894737,COHIBA 1
166,7857.288947368421,COHIBA 1
167,7864.804736842106,COHIBA 1
168,7872.32052631579,COHIBA 1
169,7879.836315789474,COHIBA 1
170,7887.352105263158,COHIBA 1
171,7894.867894736843,COHIBA 1
172,7902.383684210527,COHIBA 1
173,7909.8994736842105,COHIBA 1
174,7917.4152631578945,COHIBA 1
175,7924.931052631579,COHIBA 1
176,7932.446842105263,COHIBA 1
177,7939.962631578947,COHIBA 1
178,7947.478421052631,COHIBA 1
179,7954.994210526316,COHIBA 1
0,5263.12,BUCHANAN 42 1
1,5278.0985,BUCHANAN 42 1
2,5293.077,BUCHANAN 42 1
3,5308.0554999999995,BUCHANAN 42 1
4,5323.034,BUCHANAN 42 1
5,5338.0125,BUCHANAN 42 1
6,5352.991,BUCHANAN 42 1
7,5367.9695,BUCHANAN 42 1
8,5382.947999999999,BUCHANAN 42 1
9,5397.9265,BUCHANAN 42 1
10,5412.905,BUCHANAN 42 1
11,5427.8835,BUCHANAN 42 1
12,5442.862,BUCHANAN 42 1
13,5457.840499999999,BUCHANAN 42 1
14,5472.8189999999995,BUCHANAN 42 1
15,5487.7975,BUCHANAN 42 1
16,5502.776,BUCHANAN 42 1
17,5517.7545,BUCHANAN 42 1
18,5532.732999999999,BUCHANAN 42 1
19,5547.711499999999,BUCHANAN 42 1
20,5562.69,BUCHANAN 42 1
21,5577.192499999999,BUCHANAN 42 1
22,5591.695,BUCHANAN 42 1
23,5606.197499999999,BUCHANAN 42 1
24,5620.7,BUCHANAN 42 1
25,5635.202499999999,BUCHANAN 42 1
26,5649.705,BUCHANAN 42 1
27,5664.2074999999995,BUCHANAN 42 1
28,5678.709999999999,BUCHANAN 42 1
29,5693.2125,BUCHANAN 42 1
30,5707.714999999999,BUCHANAN 42 1
31,5722.2175,BUCHANAN 42 1
32,5736.719999999999,BUCHANAN 42 1
33,5751.2225,BUCHANAN 42 1
34,5765.724999999999,BUCHANAN 42 1
35,5780.2275,BUCHANAN 42 1
36,5794.73,BUCHANAN 42 1
37,5809.201363636364,BUCHANAN 42 1
38,5823.672727272727,BUCHANAN 42 1
39,5838.144090909091,BUCHANAN 42 1
40,5852.615454545455,BUCHANAN 42 1
41,5867.086818181818,BUCHANAN 42 1
42,5881.558181818182,BUCHANAN 42 1
43,5896.029545454545,BUCHANAN 42 1
44,5910.500909090909,BUCHANAN 42 1
45,5924.972272727273,BUCHANAN 42 1
46,5939.443636363636,BUCHANAN 42 1
47,5953.915,BUCHANAN 42 1
48,5968.386363636364,BUCHANAN 42 1
49,5982.857727272727,BUCHANAN 42 1
50,5997.329090909091,BUCHANAN 42 1
51,6011.800454545455,BUCHANAN 42 1
52,6026.271818181818,BUCHANAN 42 1
53,6040.743181818182,BUCHANAN 42 1
54,6055.214545454545,BUCHANAN 42 1
55,6069.685909090909,BUCHANAN 42 1
56,6084.157272727273,BUCHANAN 42 1
57,6098.628636363636,BUCHANAN 42 1
58,6113.1,BUCHANAN 42 1
59,6127.613333333334,BUCHANAN 42 1
60,6142.126666666667,BUCHANAN 42 1
61,6156.64,BUCHANAN 42 1
62,6171.153333333334,BUCHANAN 42 1
63,6185.666666666667,BUCHANAN 42 1
64,6200.18,BUCHANAN 42 1
65,6214.767777777778,BUCHANAN 42 1
66,6229.355555555556,BUCHANAN 42 1
67,6243.943333333334,BUCHANAN 42 1
68,6258.531111111111,BUCHANAN 42 1
69,6273.118888888889,BUCHANAN 42 1
70,6287.706666666667,BUCHANAN 42 1
71,6302.294444444445,BUCHANAN 42 1
72,6316.8822222222225,BUCHANAN 42 1
73,6331.47,BUCHANAN 42 1
74,6346.057777777778,BUCHANAN 42 1
75,6360.645555555556,BUCHANAN 42 1
76,6375.233333333334,BUCHANAN 42 1
77,6389.821111111111,BUCHANAN 42 1
78,6404.408888888889,BUCHANAN 42 1
79,6418.996666666667,BUCHANAN 42 1
80,6433.584444444445,BUCHANAN 42 1
81,6448.172222222222,BUCHANAN 42 1
82,6462.76,BUCHANAN 42 1
83,6477.21625,BUCHANAN 42 1
84,6491.672500000001,BUCHANAN 42 1
85,6506.12875,BUCHANAN 42 1
86,6520.585,BUCHANAN 42 1
87,6535.04125,BUCHANAN 42 1
88,6549.4974999999995,BUCHANAN 42 1
89,6563.95375,BUCHANAN 42 1
90,6578.41,BUCHANAN 42 1
91,6598.257058823529,BUCHANAN 42 1
92,6618.104117647059,BUCHANAN 42 1
93,6637.9511764705885,BUCHANAN 42 1
94,6657.798235294118,BUCHANAN 42 1
95,6677.645294117647,BUCHANAN 42 1
96,6697.492352941176,BUCHANAN 42 1
97,6717.339411764706,BUCHANAN 42 1
98,6737.186470588235,BUCHANAN 42 1
99,6757.033529411765,BUCHANAN 42 1
100,6776.880588235294,BUCHANAN 42 1
101,6796.727647058824,BUCHANAN 42 1
102,6816.574705882354,BUCHANAN 42 1
103,6836.421764705883,BUCHANAN 42 1
104,6856.268823529412,BUCHANAN 42 1
105,6876.115882352941,BUCHANAN 42 1
106,6895.962941176471,BUCHANAN 42 1
107,6915.81,BUCHANAN 42 1
108,6929.186190476191,BUCHANAN 42 1
109,6942.562380952381,BUCHANAN 42 1
110,6955.938571428572,BUCHANAN 42 1
111,6969.314761904762,BUCHANAN 42 1
112,6982.690952380953,BUCHANAN 42 1
113,6996.067142857143,BUCHANAN 42 1
114,7009.443333333334,BUCHANAN 42 1
115,7022.819523809524,BUCHANAN 42 1
116,7036.1957142857145,BUCHANAN 42 1
117,7049.571904761905,BUCHANAN 42 1
118,7062.948095238095,BUCHANAN 42 1
119,7076.324285714286,BUCHANAN 42 1
120,7089.700476190476,BUCHANAN 42 1
121,7103.076666666667,BUCHANAN 42 1
122,7116.452857142857,BUCHANAN 42 1
123,7129.829047619048,BUCHANAN 42 1
124,7143.205238095238,BUCHANAN 42 1
125,7156.581428571429,BUCHANAN 42 1
126,7169.957619047619,BUCHANAN 42 1
127,7183.33380952381,BUCHANAN 42 1
128,7196.71,BUCHANAN 42 1
129,7215.801515151516,BUCHANAN 42 1
130,7234.89303030303,BUCHANAN 42 1
131,7253.984545454546,BUCHANAN 42 1
132,7273.07606060606,BUCHANAN 42 1
133,7292.167575757576,BUCHANAN 42 1
134,7311.25909090909,BUCHANAN 42 1
135,7330.350606060606,BUCHANAN 42 1
136,7349.4421212121215,BUCHANAN 42 1
137,7368.533636363636,BUCHANAN 42 1
138,7387.625151515152,BUCHANAN 42 1
139,7406.716666666666,BUCHANAN 42 1
140,7425.808181818182,BUCHANAN 42 1
141,7444.899696969696,BUCHANAN 42 1
142,7463.991212121212,BUCHANAN 42 1
143,7483.082727272727,BUCHANAN 42 1
144,7502.174242424242,BUCHANAN 42 1
145,7521.265757575758,BUCHANAN 42 1
146,7540.357272727272,BUCHANAN 42 1
147,7559.448787878788,BUCHANAN 42 1
148,7578.540303030302,BUCHANAN 42 1
149,7597.631818181818,BUCHANAN 42 1
150,7616.723333333333,BUCHANAN 42 1
151,7635.814848484848,BUCHANAN 42 1
152,7654.9063636363635,BUCHANAN 42 1
153,7673.997878787878,BUCHANAN 42 1
154,7693.089393939394,BUCHANAN 42 1
155,7712.180909090908,BUCHANAN 42 1
156,7731.272424242424,BUCHANAN 42 1
157,7750.363939393939,BUCHANAN 42 1
158,7769.455454545454,BUCHANAN 42 1
159,7788.546969696969,BUCHANAN 42 1
160,7807.638484848484,BUCHANAN 42 1
161,7826.73,BUCHANAN 42 1
162,7846.816315789473,BUCHANAN 42 1
163,7866.902631578947,BUCHANAN 42 1
164,7886.988947368421,BUCHANAN 42 1
165,7907.075263157894,BUCHANAN 42 1
166,7927.161578947368,BUCHANAN 42 1
167,7947.247894736842,BUCHANAN 42 1
168,7967.3342105263155,BUCHANAN 42 1
169,7987.420526315789,BUCHANAN 42 1
170,8007.506842105263,BUCHANAN 42 1
171,8027.593157894737,BUCHANAN 42 1
172,8047.679473684211,BUCHANAN 42 1
173,8067.765789473685,BUCHANAN 42 1
174,8087.852105263159,BUCHANAN 42 1
175,8107.938421052632,BUCHANAN 42 1
176,8128.024736842106,BUCHANAN 42 1
177,8148.11105263158,BUCHANAN 42 1
178,8168.197368421053,BUCHANAN 42 1
179,8188.283684210527,BUCHANAN 42 1
0,6004.0,OLDHAM TRUST 40-25 WA 1H
1,6018.389090909091,OLDHAM TRUST 40-25 WA 1H
2,6032.778181818182,OLDHAM TRUST 40-25 WA 1H
3,6047.167272727273,OLDHAM TRUST 40-25 WA 1H
4,6061.556363636364,OLDHAM TRUST 40-25 WA 1H
5,6075.945454545455,OLDHAM TRUST 40-25 WA 1H
6,6090.334545454545,OLDHAM TRUST 40-25 WA 1H
7,6104.723636363637,OLDHAM TRUST 40-25 WA 1H
8,6119.112727272727,OLDHAM TRUST 40-25 WA 1H
9,6133.501818181819,OLDHAM TRUST 40-25 WA 1H
10,6147.890909090909,OLDHAM TRUST 40-25 WA 1H
11,6162.280000000001,OLDHAM TRUST 40-25 WA 1H
12,6176.669090909091,OLDHAM TRUST 40-25 WA 1H
13,6191.058181818182,OLDHAM TRUST 40-25 WA 1H
14,6205.447272727273,OLDHAM TRUST 40-25 WA 1H
15,6219.836363636364,OLDHAM TRUST 40-25 WA 1H
16,6234.225454545455,OLDHAM TRUST 40-25 WA 1H
17,6248.614545454546,OLDHAM TRUST 40-25 WA 1H
18,6263.003636363636,OLDHAM TRUST 40-25 WA 1H
19,6277.392727272728,OLDHAM TRUST 40-25 WA 1H
20,6291.781818181818,OLDHAM TRUST 40-25 WA 1H
21,6306.17090909091,OLDHAM TRUST 40-25 WA 1H
22,6320.56,OLDHAM TRUST 40-25 WA 1H
23,6334.706666666667,OLDHAM TRUST 40-25 WA 1H
24,6348.8533333333335,OLDHAM TRUST 40-25 WA 1H
25,6363.0,OLDHAM TRUST 40-25 WA 1H
26,6377.1466666666665,OLDHAM TRUST 40-25 WA 1H
27,6391.293333333333,OLDHAM TRUST 40-25 WA 1H
28,6405.44,OLDHAM TRUST 40-25 WA 1H
29,6420.432222222222,OLDHAM TRUST 40-25 WA 1H
30,6435.424444444444,OLDHAM TRUST 40-25 WA 1H
31,6450.416666666666,OLDHAM TRUST 40-25 WA 1H
32,6465.408888888888,OLDHAM TRUST 40-25 WA 1H
33,6480.401111111111,OLDHAM TRUST 40-25 WA 1H
34,6495.393333333333,OLDHAM TRUST 40-25 WA 1H
35,6510.385555555556,OLDHAM TRUST 40-25 WA 1H
36,6525.377777777778,OLDHAM TRUST 40-25 WA 1H
37,6540.37,OLDHAM TRUST 40-25 WA 1H
38,6555.362222222222,OLDHAM TRUST 40-25 WA 1H
39,6570.354444444444,OLDHAM TRUST 40-25 WA 1H
40,6585.346666666666,OLDHAM TRUST 40-25 WA 1H
41,6600.3388888888885,OLDHAM TRUST 40-25 WA 1H
42,6615.331111111112,OLDHAM TRUST 40-25 WA 1H
43,6630.323333333334,OLDHAM TRUST 40-25 WA 1H
44,6645.315555555556,OLDHAM TRUST 40-25 WA 1H
45,6660.307777777778,OLDHAM TRUST 40-25 WA 1H
46,6675.3,OLDHAM TRUST 40-25 WA 1H
47,6689.8862500000005,OLDHAM TRUST 40-25 WA 1H
48,6704.4725,OLDHAM TRUST 40-25 WA 1H
49,6719.05875,OLDHAM TRUST 40-25 WA 1H
50,6733.645,OLDHAM TRUST 40-25 WA 1H
51,6748.23125,OLDHAM TRUST 40-25 WA 1H
52,6762.8175,OLDHAM TRUST 40-25 WA 1H
53,6777.4037499999995,OLDHAM TRUST 40-25 WA 1H
54,6791.99,OLDHAM TRUST 40-25 WA 1H
55,6809.241764705882,OLDHAM TRUST 40-25 WA 1H
56,6826.493529411765,OLDHAM TRUST 40-25 WA 1H
57,6843.745294117647,OLDHAM TRUST 40-25 WA 1H
58,6860.997058823529,OLDHAM TRUST 40-25 WA 1H
59,6878.248823529411,OLDHAM TRUST 40-25 WA 1H
60,6895.500588235294,OLDHAM TRUST 40-25 WA 1H
61,6912.7523529411765,OLDHAM TRUST 40-25 WA 1H
62,6930.004117647059,OLDHAM TRUST 40-25 WA 1H
63,6947.255882352942,OLDHAM TRUST 40-25 WA 1H
64,6964.507647058824,OLDHAM TRUST 40-25 WA 1H
65,6981.759411764706,OLDHAM TRUST 40-25 WA 1H
66,6999.011176470589,OLDHAM TRUST 40-25 WA 1H
67,7016.262941176471,OLDHAM TRUST 40-25 WA 1H
68,7033.514705882353,OLDHAM TRUST 40-25 WA 1H
69,7050.766470588235,OLDHAM TRUST 40-25 WA 1H
70,7068.018235294118,OLDHAM TRUST 40-25 WA 1H
71,7085.27,OLDHAM TRUST 40-25 WA 1H
72,7100.480952380953,OLDHAM TRUST 40-25 WA 1H
73,7115.691904761905,OLDHAM TRUST 40-25 WA 1H
74,7130.902857142857,OLDHAM TRUST 40-25 WA 1H
75,7146.11380952381,OLDHAM TRUST 40-25 WA 1H
76,7161.324761904762,OLDHAM TRUST 40-25 WA 1H
77,7176.535714285715,OLDHAM TRUST 40-25 WA 1H
78,7191.746666666667,OLDHAM TRUST 40-25 WA 1H
79,7206.957619047619,OLDHAM TRUST 40-25 WA 1H
80,7222.168571428571,OLDHAM TRUST 40-25 WA 1H
81,7237.379523809524,OLDHAM TRUST 40-25 WA 1H
82,7252.590476190477,OLDHAM TRUST 40-25 WA 1H
83,7267.801428571429,OLDHAM TRUST 40-25 WA 1H
84,7283.012380952381,OLDHAM TRUST 40-25 WA 1H
85,7298.223333333333,OLDHAM TRUST 40-25 WA 1H
86,7313.434285714286,OLDHAM TRUST 40-25 WA 1H
87,7328.645238095238,OLDHAM TRUST 40-25 WA 1H
88,7343.85619047619,OLDHAM TRUST 40-25 WA 1H
89,7359.067142857143,OLDHAM TRUST 40-25 WA 1H
90,7374.278095238095,OLDHAM TRUST 40-25 WA 1H
91,7389.489047619048,OLDHAM TRUST 40-25 WA 1H
92,7404.7,OLDHAM TRUST 40-25 WA 1H
93,7420.00909090909,OLDHAM TRUST 40-25 WA 1H
94,7435.318181818182,OLDHAM TRUST 40-25 WA 1H
95,7450.627272727273,OLDHAM TRUST 40-25 WA 1H
96,7465.936363636363,OLDHAM TRUST 40-25 WA 1H
97,7481.245454545455,OLDHAM TRUST 40-25 WA 1H
98,7496.554545454545,OLDHAM TRUST 40-25 WA 1H
99,7511.863636363636,OLDHAM TRUST 40-25 WA 1H
100,7527.172727272727,OLDHAM TRUST 40-25 WA 1H
101,7542.481818181818,OLDHAM TRUST 40-25 WA 1H
102,7557.790909090909,OLDHAM TRUST 40-25 WA 1H
103,7573.099999999999,OLDHAM TRUST 40-25 WA 1H
104,7588.409090909091,OLDHAM TRUST 40-25 WA 1H
105,7603.718181818182,OLDHAM TRUST 40-25 WA 1H
106,7619.027272727272,OLDHAM TRUST 40-25 WA 1H
107,7634.336363636364,OLDHAM TRUST 40-25 WA 1H
108,7649.645454545454,OLDHAM TRUST 40-25 WA 1H
109,7664.954545454545,OLDHAM TRUST 40-25 WA 1H
110,7680.263636363636,OLDHAM TRUST 40-25 WA 1H
111,7695.572727272727,OLDHAM TRUST 40-25 WA 1H
112,7710.881818181818,OLDHAM TRUST 40-25 WA 1H
113,7726.1909090909085,OLDHAM TRUST 40-25 WA 1H
114,7741.5,OLDHAM TRUST 40-25 WA 1H
115,7756.809090909091,OLDHAM TRUST 40-25 WA 1H
116,7772.118181818181,OLDHAM TRUST 40-25 WA 1H
117,7787.427272727273,OLDHAM TRUST 40-25 WA 1H
118,7802.736363636363,OLDHAM TRUST 40-25 WA 1H
119,7818.045454545454,OLDHAM TRUST 40-25 WA 1H
120,7833.354545454546,OLDHAM TRUST 40-25 WA 1H
121,7848.663636363636,OLDHAM TRUST 40-25 WA 1H
122,7863.972727272727,OLDHAM TRUST 40-25 WA 1H
123,7879.2818181818175,OLDHAM TRUST 40-25 WA 1H
124,7894.590909090909,OLDHAM TRUST 40-25 WA 1H
125,7909.9,OLDHAM TRUST 40-25 WA 1H
126,7927.308421052631,OLDHAM TRUST 40-25 WA 1H
127,7944.716842105263,OLDHAM TRUST 40-25 WA 1H
128,7962.125263157895,OLDHAM TRUST 40-25 WA 1H
129,7979.533684210526,OLDHAM TRUST 40-25 WA 1H
130,7996.942105263158,OLDHAM TRUST 40-25 WA 1H
131,8014.3505263157895,OLDHAM TRUST 40-25 WA 1H
132,8031.758947368421,OLDHAM TRUST 40-25 WA 1H
133,8049.167368421053,OLDHAM TRUST 40-25 WA 1H
134,8066.575789473684,OLDHAM TRUST 40-25 WA 1H
135,8083.984210526316,OLDHAM TRUST 40-25 WA 1H
136,8101.392631578947,OLDHAM TRUST 40-25 WA 1H
137,8118.801052631578,OLDHAM TRUST 40-25 WA 1H
138,8136.20947368421,OLDHAM TRUST 40-25 WA 1H
139,8153.617894736842,OLDHAM TRUST 40-25 WA 1H
140,8171.026315789473,OLDHAM TRUST 40-25 WA 1H
141,8188.434736842105,OLDHAM TRUST 40-25 WA 1H
142,8205.843157894737,OLDHAM TRUST 40-25 WA 1H
143,8223.25157894737,OLDHAM TRUST 40-25 WA 1H
0,5365.61,MORGAN-NEAL 39-26 3WB
1,5380.085499999999,MORGAN-NEAL 39-26 3WB
2,5394.561,MORGAN-NEAL 39-26 3WB
3,5409.0365,MORGAN-NEAL 39-26 3WB
4,5423.512,MORGAN-NEAL 39-26 3WB
5,5437.987499999999,MORGAN-NEAL 39-26 3WB
6,5452.463,MORGAN-NEAL 39-26 3WB
7,5466.9385,MORGAN-NEAL 39-26 3WB
8,5481.414,MORGAN-NEAL 39-26 3WB
9,5495.889499999999,MORGAN-NEAL 39-26 3WB
10,5510.365,MORGAN-NEAL 39-26 3WB
11,5524.8405,MORGAN-NEAL 39-26 3WB
12,5539.316,MORGAN-NEAL 39-26 3WB
13,5553.791499999999,MORGAN-NEAL 39-26 3WB
14,5568.267,MORGAN-NEAL 39-26 3WB
15,5582.7425,MORGAN-NEAL 39-26 3WB
16,5597.218,MORGAN-NEAL 39-26 3WB
17,5611.693499999999,MORGAN-NEAL 39-26 3WB
18,5626.169,MORGAN-NEAL 39-26 3WB
19,5640.6445,MORGAN-NEAL 39-26 3WB
20,5655.12,MORGAN-NEAL 39-26 3WB
21,5669.76875,MORGAN-NEAL 39-26 3WB
22,5684.4175,MORGAN-NEAL 39-26 3WB
23,5699.06625,MORGAN-NEAL 39-26 3WB
24,5713.715,MORGAN-NEAL 39-26 3WB
25,5728.3637499999995,MORGAN-NEAL 39-26 3WB
26,5743.0125,MORGAN-NEAL 39-26 3WB
27,5757.66125,MORGAN-NEAL 39-26 3WB
28,5772.3099999999995,MORGAN-NEAL 39-26 3WB
29,5786.95875,MORGAN-NEAL 39-26 3WB
30,5801.6075,MORGAN-NEAL 39-26 3WB
31,5816.25625,MORGAN-NEAL 39-26 3WB
32,5830.905,MORGAN-NEAL 39-26 3WB
33,5845.55375,MORGAN-NEAL 39-26 3WB
34,5860.2025,MORGAN-NEAL 39-26 3WB
35,5874.85125,MORGAN-NEAL 39-26 3WB
